{
  "cointegration_pvalue": 0.0003658065106432039,
  "cointegration_score": -4.80767719715188,
  "total_return": 0.04026383801412248,
  "annual_return": 0.009997182845232544,
  "sharpe": 0.14341533416928265,
  "max_drawdown": 0.2894550996228111
}